Huangjia,Ridgeview,7
Kukoboy,Sundown,07988
Lin’an,Sycamore,62797
Xuguang,Grasskamp,84
Xiongbei,Vahlen,8
Lolotique,David,74569
Stockholm,Dexter,2442
Xinchong,Mcbride,9476
Niopanda,Loftsgordon,467
Babantar,Hoffman,878
Yuncheng,Jackson,323
Lhoknga,Stephen,937
Smyga,Independence,643
Xiongzhou,Burrows,30
Oenopu,La Follette,60
Az Zintān,Warner,6395
Mengcheng Chengguanzhen,Bunker Hill,9642
Velké Karlovice,Twin Pines,214
Zamboanguita,Hanson,1676
Mauloo,Manufacturers,271
Mirabel,Red Cloud,0372
Tocha,Meadow Vale,0215
Shengrenjian,Norway Maple,3731
Ikongo,Marcy,75
Czudec,Parkside,825
Qianjia,Artisan,1
Ilongero,Gale,8
Nong Don,Bayside,8
Madrid,Ramsey,39
Beigao,Nevada,69
Fosses,Wayridge,97196
Yingyang,Mifflin,3109
Wanghu,Canary,0212
Halteu,Pepper Wood,02
Little Rock,Shelley,270
Mloko,Sage,805
Jaguimitan,Westridge,621
Almargem do Bispo,Basil,8771
Nogueira do Cravo,Dunning,67196
Parse,Amoth,40709
Obudovac,Merry,8
Sindi,Johnson,1
Vistino,Hauk,80475
Aoyang,Ramsey,6053
Baimaqiao,Corscot,44885
Jining,Swallow,87
Sulechów,Hoard,9915
Tuhe,Laurel,16
Ribeirão Preto,South,8904
Santiago Nonualco,Forster,720
Besisahar,Waubesa,258
Yekimovichi,Thackeray,5
Semikarakorsk,Farmco,7
Bouna,Cardinal,1
Upton,Talisman,4
Orlando,Nevada,0009
Lajinha,Susan,936
Sabanagrande,Ronald Regan,266
Layog,Sundown,15
Sens,Autumn Leaf,24323
Estevan,Towne,4
Talas,Drewry,29
Talun,Sutteridge,9
Muranovo,Service,17
Shanhe,Dixon,15177
São Martinho de Árvore,Village,7
Gialo,Lakeland,3
Knoxville,6th,5319
Kibiti,Fairfield,66764
Oliveirinha,Oakridge,5938
Anmore,Clemons,44019
Magog,Glendale,72
Lobamba,Mifflin,6012
Větřní,Artisan,19957
Muurla,Clemons,149
Janowiec,Waubesa,45
Shihua,Spaight,76295
Powidz,Monument,73667
Bjärred,Mallard,329
Moss,Jackson,736
Santa Marcela,Arapahoe,8
Bibis,Johnson,09679
Lhari,Loomis,893
Baie-Saint-Paul,Kenwood,98751
Bromma,Monument,7
Sahatsakhan,Green Ridge,5
Cẩm Phả,Anderson,92
Wanfa,Ronald Regan,415
Criciúma,Northland,50
Lahoysk,Jenna,50538
Budapest,Fremont,04131
Castro Barros,Eagan,9
Kunda,Schiller,5204
Eadestown,Schurz,59
Shido,Crest Line,427
Midland,Graedel,54916
Sertolovo,Cottonwood,84708
Rybnoye,Arkansas,24
Ngilengan,Southridge,2
Sufang,Portage,0872
Khagrachhari,Rusk,72919
San Jose,Del Mar,117
Manonjaya,Aberg,40591
Santa Rosa de Cabal,Westerfield,214
Netanya,Prentice,2
Oslo,Bultman,173
Trångsund,Grasskamp,34108
Tirapata,Randy,1
Cigembong,Shopko,73
Shixi,Ridgeway,5484
Alicia,Fuller,09
Bezerros,Esch,6
Tambawel,Rowland,02637
Santo Domingo,Ridgeway,8
Ternopil’,Gulseth,11
Ciudad Tecún Umán,Dennis,32472
Hāsilpur,Dovetail,6
Kamenka,Cardinal,004
Koski Tl,Hazelcrest,74
Providencia,Logan,806
Bograd,Dryden,446
Shijie,Memorial,507
Kohtla-Järve,Roth,135
Frankfurt am Main,Fairfield,52
Jixing,Talisman,23980
Sancha,Delladonna,1182
Vratsa,Portage,30708
Sokal’,Mesta,5793
Shangpai,Weeping Birch,8770
Turze Pole,Kingsford,213
Dongjingcheng,Cordelia,8
Arcena,Utah,7
Morden,Mifflin,76186
Puan Selatan,Express,41229
Stuttgart,Petterle,5158
Hengshan,Maryland,7
Vila Flor,Upham,084
Moravský Písek,Eastwood,7998
Feira de Santana,Stoughton,5546
Valle de Ángeles,Luster,25
Komsomolets,Vahlen,6
Auxerre,Oneill,7867
President Roxas,Moland,732
Pucyura,Lillian,42508
Kalmar,Toban,1068
Danderyd,Duke,3
Néa Pélla,Melby,0155
Costa Rica,Susan,3457
Shuangfeng,Katie,1179
Arcoverde,Delladonna,8
Xiaoying,Continental,6
Balta,Butternut,64078
Jinping,Westridge,91
Gamut,Clove,53808
Mirpur Khas,Loftsgordon,766
Chornorudka,Farwell,918
Chornukhyne,Pankratz,801
Villa Hayes,Sauthoff,5970
Varkaus,Rowland,6812
Sokółka,Walton,4880
Souto de Cima,Weeping Birch,38009
Xianchiyu,Hudson,1
Vittoriosa,Elka,76764
Jinjing,Arrowood,22
Hässelby,Clyde Gallagher,38
Shah Alam,Laurel,15399
Wukari,3rd,19
Manzini,Cardinal,7720
Ridder,Fairfield,05
Palmas,Derek,47918
Siuna,Monterey,1718
Yuyue,Old Shore,2544
São Sebastião do Passé,Old Gate,5453
Sélibabi,Sauthoff,86
Manchioneal,Harbort,22
Cisarap,Pawling,2353