Software Engineering,It is a long established fact that a reader will be distracted by the readable content of a page when looking at its layout. The point of using Lorem Ipsum is that it has a more-or-less normal distribution of letters as opposed to using 'Content here content here' making it look like readable English. Many desktop publishing packages and web page editors now use Lorem Ipsum as their default model text and a search for 'lorem ipsum' will uncover many web sites still in their infancy. Various versions have evolved over the years sometimes by accident sometimes on purpose (injected humour and the like).
Informatics,It is a long established fact that a reader will be distracted by the readable content of a page when looking at its layout. The point of using Lorem Ipsum is that it has a more-or-less normal distribution of letters as opposed to using 'Content here content here' making it look like readable English. Many desktop publishing packages and web page editors now use Lorem Ipsum as their default model text and a search for 'lorem ipsum' will uncover many web sites still in their infancy. Various versions have evolved over the years sometimes by accident sometimes on purpose (injected humour and the like).
Mathematics,It is a long established fact that a reader will be distracted by the readable content of a page when looking at its layout. The point of using Lorem Ipsum is that it has a more-or-less normal distribution of letters as opposed to using 'Content here content here' making it look like readable English. Many desktop publishing packages and web page editors now use Lorem Ipsum as their default model text and a search for 'lorem ipsum' will uncover many web sites still in their infancy. Various versions have evolved over the years sometimes by accident sometimes on purpose (injected humour and the like).
Data Science,It is a long established fact that a reader will be distracted by the readable content of a page when looking at its layout. The point of using Lorem Ipsum is that it has a more-or-less normal distribution of letters as opposed to using 'Content here content here' making it look like readable English. Many desktop publishing packages and web page editors now use Lorem Ipsum as their default model text and a search for 'lorem ipsum' will uncover many web sites still in their infancy. Various versions have evolved over the years sometimes by accident sometimes on purpose (injected humour and the like).
Medicine,It is a long established fact that a reader will be distracted by the readable content of a page when looking at its layout. The point of using Lorem Ipsum is that it has a more-or-less normal distribution of letters as opposed to using 'Content here content here' making it look like readable English. Many desktop publishing packages and web page editors now use Lorem Ipsum as their default model text and a search for 'lorem ipsum' will uncover many web sites still in their infancy. Various versions have evolved over the years sometimes by accident sometimes on purpose (injected humour and the like).
Information Systems and Cyber Security,It is a long established fact that a reader will be distracted by the readable content of a page when looking at its layout. The point of using Lorem Ipsum is that it has a more-or-less normal distribution of letters as opposed to using 'Content here content here' making it look like readable English. Many desktop publishing packages and web page editors now use Lorem Ipsum as their default model text and a search for 'lorem ipsum' will uncover many web sites still in their infancy. Various versions have evolved over the years sometimes by accident sometimes on purpose (injected humour and the like).
International Business,It is a long established fact that a reader will be distracted by the readable content of a page when looking at its layout. The point of using Lorem Ipsum is that it has a more-or-less normal distribution of letters as opposed to using 'Content here content here' making it look like readable English. Many desktop publishing packages and web page editors now use Lorem Ipsum as their default model text and a search for 'lorem ipsum' will uncover many web sites still in their infancy. Various versions have evolved over the years sometimes by accident sometimes on purpose (injected humour and the like).
Russian Philology,It is a long established fact that a reader will be distracted by the readable content of a page when looking at its layout. The point of using Lorem Ipsum is that it has a more-or-less normal distribution of letters as opposed to using 'Content here content here' making it look like readable English. Many desktop publishing packages and web page editors now use Lorem Ipsum as their default model text and a search for 'lorem ipsum' will uncover many web sites still in their infancy. Various versions have evolved over the years sometimes by accident sometimes on purpose (injected humour and the like).
Quantitative Economics,It is a long established fact that a reader will be distracted by the readable content of a page when looking at its layout. The point of using Lorem Ipsum is that it has a more-or-less normal distribution of letters as opposed to using 'Content here content here' making it look like readable English. Many desktop publishing packages and web page editors now use Lorem Ipsum as their default model text and a search for 'lorem ipsum' will uncover many web sites still in their infancy. Various versions have evolved over the years sometimes by accident sometimes on purpose (injected humour and the like).
Management,It is a long established fact that a reader will be distracted by the readable content of a page when looking at its layout. The point of using Lorem Ipsum is that it has a more-or-less normal distribution of letters as opposed to using 'Content here content here' making it look like readable English. Many desktop publishing packages and web page editors now use Lorem Ipsum as their default model text and a search for 'lorem ipsum' will uncover many web sites still in their infancy. Various versions have evolved over the years sometimes by accident sometimes on purpose (injected humour and the like).
Dentistry,It is a long established fact that a reader will be distracted by the readable content of a page when looking at its layout. The point of using Lorem Ipsum is that it has a more-or-less normal distribution of letters as opposed to using 'Content here content here' making it look like readable English. Many desktop publishing packages and web page editors now use Lorem Ipsum as their default model text and a search for 'lorem ipsum' will uncover many web sites still in their infancy. Various versions have evolved over the years sometimes by accident sometimes on purpose (injected humour and the like).
English Philology,It is a long established fact that a reader will be distracted by the readable content of a page when looking at its layout. The point of using Lorem Ipsum is that it has a more-or-less normal distribution of letters as opposed to using 'Content here content here' making it look like readable English. Many desktop publishing packages and web page editors now use Lorem Ipsum as their default model text and a search for 'lorem ipsum' will uncover many web sites still in their infancy. Various versions have evolved over the years sometimes by accident sometimes on purpose (injected humour and the like).
Business Information Systems,It is a long established fact that a reader will be distracted by the readable content of a page when looking at its layout. The point of using Lorem Ipsum is that it has a more-or-less normal distribution of letters as opposed to using 'Content here content here' making it look like readable English. Many desktop publishing packages and web page editors now use Lorem Ipsum as their default model text and a search for 'lorem ipsum' will uncover many web sites still in their infancy. Various versions have evolved over the years sometimes by accident sometimes on purpose (injected humour and the like).
Light Engineering,It is a long established fact that a reader will be distracted by the readable content of a page when looking at its layout. The point of using Lorem Ipsum is that it has a more-or-less normal distribution of letters as opposed to using 'Content here content here' making it look like readable English. Many desktop publishing packages and web page editors now use Lorem Ipsum as their default model text and a search for 'lorem ipsum' will uncover many web sites still in their infancy. Various versions have evolved over the years sometimes by accident sometimes on purpose (injected humour and the like).
Chemistry,It is a long established fact that a reader will be distracted by the readable content of a page when looking at its layout. The point of using Lorem Ipsum is that it has a more-or-less normal distribution of letters as opposed to using 'Content here content here' making it look like readable English. Many desktop publishing packages and web page editors now use Lorem Ipsum as their default model text and a search for 'lorem ipsum' will uncover many web sites still in their infancy. Various versions have evolved over the years sometimes by accident sometimes on purpose (injected humour and the like).
Biochemistry,It is a long established fact that a reader will be distracted by the readable content of a page when looking at its layout. The point of using Lorem Ipsum is that it has a more-or-less normal distribution of letters as opposed to using 'Content here content here' making it look like readable English. Many desktop publishing packages and web page editors now use Lorem Ipsum as their default model text and a search for 'lorem ipsum' will uncover many web sites still in their infancy. Various versions have evolved over the years sometimes by accident sometimes on purpose (injected humour and the like).
Geography,It is a long established fact that a reader will be distracted by the readable content of a page when looking at its layout. The point of using Lorem Ipsum is that it has a more-or-less normal distribution of letters as opposed to using 'Content here content here' making it look like readable English. Many desktop publishing packages and web page editors now use Lorem Ipsum as their default model text and a search for 'lorem ipsum' will uncover many web sites still in their infancy. Various versions have evolved over the years sometimes by accident sometimes on purpose (injected humour and the like).
Geology,It is a long established fact that a reader will be distracted by the readable content of a page when looking at its layout. The point of using Lorem Ipsum is that it has a more-or-less normal distribution of letters as opposed to using 'Content here content here' making it look like readable English. Many desktop publishing packages and web page editors now use Lorem Ipsum as their default model text and a search for 'lorem ipsum' will uncover many web sites still in their infancy. Various versions have evolved over the years sometimes by accident sometimes on purpose (injected humour and the like).
Nanomaterial Science,It is a long established fact that a reader will be distracted by the readable content of a page when looking at its layout. The point of using Lorem Ipsum is that it has a more-or-less normal distribution of letters as opposed to using 'Content here content here' making it look like readable English. Many desktop publishing packages and web page editors now use Lorem Ipsum as their default model text and a search for 'lorem ipsum' will uncover many web sites still in their infancy. Various versions have evolved over the years sometimes by accident sometimes on purpose (injected humour and the like).
Applied Physics,It is a long established fact that a reader will be distracted by the readable content of a page when looking at its layout. The point of using Lorem Ipsum is that it has a more-or-less normal distribution of letters as opposed to using 'Content here content here' making it look like readable English. Many desktop publishing packages and web page editors now use Lorem Ipsum as their default model text and a search for 'lorem ipsum' will uncover many web sites still in their infancy. Various versions have evolved over the years sometimes by accident sometimes on purpose (injected humour and the like).
Physics,It is a long established fact that a reader will be distracted by the readable content of a page when looking at its layout. The point of using Lorem Ipsum is that it has a more-or-less normal distribution of letters as opposed to using 'Content here content here' making it look like readable English. Many desktop publishing packages and web page editors now use Lorem Ipsum as their default model text and a search for 'lorem ipsum' will uncover many web sites still in their infancy. Various versions have evolved over the years sometimes by accident sometimes on purpose (injected humour and the like).
Computer Physics and Modelling,It is a long established fact that a reader will be distracted by the readable content of a page when looking at its layout. The point of using Lorem Ipsum is that it has a more-or-less normal distribution of letters as opposed to using 'Content here content here' making it look like readable English. Many desktop publishing packages and web page editors now use Lorem Ipsum as their default model text and a search for 'lorem ipsum' will uncover many web sites still in their infancy. Various versions have evolved over the years sometimes by accident sometimes on purpose (injected humour and the like).
Biology,It is a long established fact that a reader will be distracted by the readable content of a page when looking at its layout. The point of using Lorem Ipsum is that it has a more-or-less normal distribution of letters as opposed to using 'Content here content here' making it look like readable English. Many desktop publishing packages and web page editors now use Lorem Ipsum as their default model text and a search for 'lorem ipsum' will uncover many web sites still in their infancy. Various versions have evolved over the years sometimes by accident sometimes on purpose (injected humour and the like).
Genetics,It is a long established fact that a reader will be distracted by the readable content of a page when looking at its layout. The point of using Lorem Ipsum is that it has a more-or-less normal distribution of letters as opposed to using 'Content here content here' making it look like readable English. Many desktop publishing packages and web page editors now use Lorem Ipsum as their default model text and a search for 'lorem ipsum' will uncover many web sites still in their infancy. Various versions have evolved over the years sometimes by accident sometimes on purpose (injected humour and the like).
Microbiology,It is a long established fact that a reader will be distracted by the readable content of a page when looking at its layout. The point of using Lorem Ipsum is that it has a more-or-less normal distribution of letters as opposed to using 'Content here content here' making it look like readable English. Many desktop publishing packages and web page editors now use Lorem Ipsum as their default model text and a search for 'lorem ipsum' will uncover many web sites still in their infancy. Various versions have evolved over the years sometimes by accident sometimes on purpose (injected humour and the like).
Economics,It is a long established fact that a reader will be distracted by the readable content of a page when looking at its layout. The point of using Lorem Ipsum is that it has a more-or-less normal distribution of letters as opposed to using 'Content here content here' making it look like readable English. Many desktop publishing packages and web page editors now use Lorem Ipsum as their default model text and a search for 'lorem ipsum' will uncover many web sites still in their infancy. Various versions have evolved over the years sometimes by accident sometimes on purpose (injected humour and the like).
Economy,It is a long established fact that a reader will be distracted by the readable content of a page when looking at its layout. The point of using Lorem Ipsum is that it has a more-or-less normal distribution of letters as opposed to using 'Content here content here' making it look like readable English. Many desktop publishing packages and web page editors now use Lorem Ipsum as their default model text and a search for 'lorem ipsum' will uncover many web sites still in their infancy. Various versions have evolved over the years sometimes by accident sometimes on purpose (injected humour and the like).
Business Management,It is a long established fact that a reader will be distracted by the readable content of a page when looking at its layout. The point of using Lorem Ipsum is that it has a more-or-less normal distribution of letters as opposed to using 'Content here content here' making it look like readable English. Many desktop publishing packages and web page editors now use Lorem Ipsum as their default model text and a search for 'lorem ipsum' will uncover many web sites still in their infancy. Various versions have evolved over the years sometimes by accident sometimes on purpose (injected humour and the like).
Business and Law,It is a long established fact that a reader will be distracted by the readable content of a page when looking at its layout. The point of using Lorem Ipsum is that it has a more-or-less normal distribution of letters as opposed to using 'Content here content here' making it look like readable English. Many desktop publishing packages and web page editors now use Lorem Ipsum as their default model text and a search for 'lorem ipsum' will uncover many web sites still in their infancy. Various versions have evolved over the years sometimes by accident sometimes on purpose (injected humour and the like).
Law,It is a long established fact that a reader will be distracted by the readable content of a page when looking at its layout. The point of using Lorem Ipsum is that it has a more-or-less normal distribution of letters as opposed to using 'Content here content here' making it look like readable English. Many desktop publishing packages and web page editors now use Lorem Ipsum as their default model text and a search for 'lorem ipsum' will uncover many web sites still in their infancy. Various versions have evolved over the years sometimes by accident sometimes on purpose (injected humour and the like).
Business Informational Systems,It is a long established fact that a reader will be distracted by the readable content of a page when looking at its layout. The point of using Lorem Ipsum is that it has a more-or-less normal distribution of letters as opposed to using 'Content here content here' making it look like readable English. Many desktop publishing packages and web page editors now use Lorem Ipsum as their default model text and a search for 'lorem ipsum' will uncover many web sites still in their infancy. Various versions have evolved over the years sometimes by accident sometimes on purpose (injected humour and the like).
History,It is a long established fact that a reader will be distracted by the readable content of a page when looking at its layout. The point of using Lorem Ipsum is that it has a more-or-less normal distribution of letters as opposed to using 'Content here content here' making it look like readable English. Many desktop publishing packages and web page editors now use Lorem Ipsum as their default model text and a search for 'lorem ipsum' will uncover many web sites still in their infancy. Various versions have evolved over the years sometimes by accident sometimes on purpose (injected humour and the like).
Archeology,It is a long established fact that a reader will be distracted by the readable content of a page when looking at its layout. The point of using Lorem Ipsum is that it has a more-or-less normal distribution of letters as opposed to using 'Content here content here' making it look like readable English. Many desktop publishing packages and web page editors now use Lorem Ipsum as their default model text and a search for 'lorem ipsum' will uncover many web sites still in their infancy. Various versions have evolved over the years sometimes by accident sometimes on purpose (injected humour and the like).
Economics and Management,It is a long established fact that a reader will be distracted by the readable content of a page when looking at its layout. The point of using Lorem Ipsum is that it has a more-or-less normal distribution of letters as opposed to using 'Content here content here' making it look like readable English. Many desktop publishing packages and web page editors now use Lorem Ipsum as their default model text and a search for 'lorem ipsum' will uncover many web sites still in their infancy. Various versions have evolved over the years sometimes by accident sometimes on purpose (injected humour and the like).
Bioinformatics,It is a long established fact that a reader will be distracted by the readable content of a page when looking at its layout. The point of using Lorem Ipsum is that it has a more-or-less normal distribution of letters as opposed to using 'Content here content here' making it look like readable English. Many desktop publishing packages and web page editors now use Lorem Ipsum as their default model text and a search for 'lorem ipsum' will uncover many web sites still in their infancy. Various versions have evolved over the years sometimes by accident sometimes on purpose (injected humour and the like).
Farmacy,It is a long established fact that a reader will be distracted by the readable content of a page when looking at its layout. The point of using Lorem Ipsum is that it has a more-or-less normal distribution of letters as opposed to using 'Content here content here' making it look like readable English. Many desktop publishing packages and web page editors now use Lorem Ipsum as their default model text and a search for 'lorem ipsum' will uncover many web sites still in their infancy. Various versions have evolved over the years sometimes by accident sometimes on purpose (injected humour and the like).
Political Sciences,It is a long established fact that a reader will be distracted by the readable content of a page when looking at its layout. The point of using Lorem Ipsum is that it has a more-or-less normal distribution of letters as opposed to using 'Content here content here' making it look like readable English. Many desktop publishing packages and web page editors now use Lorem Ipsum as their default model text and a search for 'lorem ipsum' will uncover many web sites still in their infancy. Various versions have evolved over the years sometimes by accident sometimes on purpose (injected humour and the like).
Business Finances,It is a long established fact that a reader will be distracted by the readable content of a page when looking at its layout. The point of using Lorem Ipsum is that it has a more-or-less normal distribution of letters as opposed to using 'Content here content here' making it look like readable English. Many desktop publishing packages and web page editors now use Lorem Ipsum as their default model text and a search for 'lorem ipsum' will uncover many web sites still in their infancy. Various versions have evolved over the years sometimes by accident sometimes on purpose (injected humour and the like).
Philosophy,It is a long established fact that a reader will be distracted by the readable content of a page when looking at its layout. The point of using Lorem Ipsum is that it has a more-or-less normal distribution of letters as opposed to using 'Content here content here' making it look like readable English. Many desktop publishing packages and web page editors now use Lorem Ipsum as their default model text and a search for 'lorem ipsum' will uncover many web sites still in their infancy. Various versions have evolved over the years sometimes by accident sometimes on purpose (injected humour and the like).
Journalism,It is a long established fact that a reader will be distracted by the readable content of a page when looking at its layout. The point of using Lorem Ipsum is that it has a more-or-less normal distribution of letters as opposed to using 'Content here content here' making it look like readable English. Many desktop publishing packages and web page editors now use Lorem Ipsum as their default model text and a search for 'lorem ipsum' will uncover many web sites still in their infancy. Various versions have evolved over the years sometimes by accident sometimes on purpose (injected humour and the like).
Communication,It is a long established fact that a reader will be distracted by the readable content of a page when looking at its layout. The point of using Lorem Ipsum is that it has a more-or-less normal distribution of letters as opposed to using 'Content here content here' making it look like readable English. Many desktop publishing packages and web page editors now use Lorem Ipsum as their default model text and a search for 'lorem ipsum' will uncover many web sites still in their infancy. Various versions have evolved over the years sometimes by accident sometimes on purpose (injected humour and the like).
Marketing,It is a long established fact that a reader will be distracted by the readable content of a page when looking at its layout. The point of using Lorem Ipsum is that it has a more-or-less normal distribution of letters as opposed to using 'Content here content here' making it look like readable English. Many desktop publishing packages and web page editors now use Lorem Ipsum as their default model text and a search for 'lorem ipsum' will uncover many web sites still in their infancy. Various versions have evolved over the years sometimes by accident sometimes on purpose (injected humour and the like).
Marketing and Global Business,It is a long established fact that a reader will be distracted by the readable content of a page when looking at its layout. The point of using Lorem Ipsum is that it has a more-or-less normal distribution of letters as opposed to using 'Content here content here' making it look like readable English. Many desktop publishing packages and web page editors now use Lorem Ipsum as their default model text and a search for 'lorem ipsum' will uncover many web sites still in their infancy. Various versions have evolved over the years sometimes by accident sometimes on purpose (injected humour and the like).
Architecture,It is a long established fact that a reader will be distracted by the readable content of a page when looking at its layout. The point of using Lorem Ipsum is that it has a more-or-less normal distribution of letters as opposed to using 'Content here content here' making it look like readable English. Many desktop publishing packages and web page editors now use Lorem Ipsum as their default model text and a search for 'lorem ipsum' will uncover many web sites still in their infancy. Various versions have evolved over the years sometimes by accident sometimes on purpose (injected humour and the like).
Information Systems,It is a long established fact that a reader will be distracted by the readable content of a page when looking at its layout. The point of using Lorem Ipsum is that it has a more-or-less normal distribution of letters as opposed to using 'Content here content here' making it look like readable English. Many desktop publishing packages and web page editors now use Lorem Ipsum as their default model text and a search for 'lorem ipsum' will uncover many web sites still in their infancy. Various versions have evolved over the years sometimes by accident sometimes on purpose (injected humour and the like).
Mechanical Engineering,It is a long established fact that a reader will be distracted by the readable content of a page when looking at its layout. The point of using Lorem Ipsum is that it has a more-or-less normal distribution of letters as opposed to using 'Content here content here' making it look like readable English. Many desktop publishing packages and web page editors now use Lorem Ipsum as their default model text and a search for 'lorem ipsum' will uncover many web sites still in their infancy. Various versions have evolved over the years sometimes by accident sometimes on purpose (injected humour and the like).
Bioengineering,It is a long established fact that a reader will be distracted by the readable content of a page when looking at its layout. The point of using Lorem Ipsum is that it has a more-or-less normal distribution of letters as opposed to using 'Content here content here' making it look like readable English. Many desktop publishing packages and web page editors now use Lorem Ipsum as their default model text and a search for 'lorem ipsum' will uncover many web sites still in their infancy. Various versions have evolved over the years sometimes by accident sometimes on purpose (injected humour and the like).
Security Systems Engineering,It is a long established fact that a reader will be distracted by the readable content of a page when looking at its layout. The point of using Lorem Ipsum is that it has a more-or-less normal distribution of letters as opposed to using 'Content here content here' making it look like readable English. Many desktop publishing packages and web page editors now use Lorem Ipsum as their default model text and a search for 'lorem ipsum' will uncover many web sites still in their infancy. Various versions have evolved over the years sometimes by accident sometimes on purpose (injected humour and the like).
Information Technology,It is a long established fact that a reader will be distracted by the readable content of a page when looking at its layout. The point of using Lorem Ipsum is that it has a more-or-less normal distribution of letters as opposed to using 'Content here content here' making it look like readable English. Many desktop publishing packages and web page editors now use Lorem Ipsum as their default model text and a search for 'lorem ipsum' will uncover many web sites still in their infancy. Various versions have evolved over the years sometimes by accident sometimes on purpose (injected humour and the like).
Business and Entrepreneurship,It is a long established fact that a reader will be distracted by the readable content of a page when looking at its layout. The point of using Lorem Ipsum is that it has a more-or-less normal distribution of letters as opposed to using 'Content here content here' making it look like readable English. Many desktop publishing packages and web page editors now use Lorem Ipsum as their default model text and a search for 'lorem ipsum' will uncover many web sites still in their infancy. Various versions have evolved over the years sometimes by accident sometimes on purpose (injected humour and the like).