Ivy,icarlino0@wikipedia.org,ibumfrey0
Octavia,ostrathman1@a8.net,osouthwood1
Harriott,hchilds2@cloudflare.com,hgreber2
Nowell,nlofthouse3@360.cn,noakenfield3
Roderich,rbeebe4@usgs.gov,rzecchii4
Mabelle,mbumford5@blogger.com,mnusche5
Briana,bdanet6@smh.com.au,bbrittlebank6
Ardis,ameers7@fda.gov,anovotni7
Euell,egwinn8@fotki.com,evere8
Iorgo,imccaighey9@tamu.edu,imcilenna9
Gail,gcarmena@e-recht24.de,gmcvittiea
Bernita,bsoperb@npr.org,bbahikeb
Erasmus,esymmsc@oaic.gov.au,eduiganc
Janaya,jluded@tinyurl.com,jmollened
Gweneth,gkleinplace@amazon.de,golehanee
Yankee,yboughtonf@utexas.edu,yyakubovicsf
Gerry,gderycotg@360.cn,gpolinog
Otes,oviversh@sogou.com,opatzelth
Tammie,tlinturni@spotify.com,tplacidii
Constanta,cwestneyj@nbcnews.com,cgrindrodj
Gizela,gfeechumk@hao123.com,gradenk
Basile,bgibbardl@java.com,bcrasterl
Skylar,skenziem@ted.com,sacottm
Bernadine,bmarslandn@linkedin.com,bcatchersiden
Boyce,bgoomso@alexa.com,bdickeyo
Chas,ccorrisonp@china.com.cn,cjewissp
Hy,hrimourq@skyrock.com,htrevaskissq
Ramonda,rdykesr@unblog.fr,rplampeynr
Lea,lwarriors@house.gov,lspowarts
Rona,rdurkint@upenn.edu,rplottt
Kaine,kuttridgeu@ed.gov,ketchinghamu
Rodolph,rverryv@cbc.ca,rkeayv
Gerrilee,gfarryanw@marketwatch.com,gdorrancew
Serena,sbraitlingx@samsung.com,sbridgestockx
Waring,wwinny@desdev.cn,wgutowskiy
Ariana,apringuerz@taobao.com,amacalessz
Ellis,elovart10@huffingtonpost.com,eclaremont10
Cele,cdrayn11@weibo.com,chatchard11
Shelley,shens12@angelfire.com,sbatting12
Corrine,clineen13@bloglines.com,cblazynski13
Wilmer,wgallacher14@discovery.com,wacott14
Percy,pscurlock15@a8.net,pemeline15
Merle,mpanyer16@slashdot.org,mcritchlow16
Kym,klangham17@skype.com,kprichard17
Lark,lcrowdy18@weebly.com,lwindrass18
Catarina,cabyss19@comcast.net,cmetschke19
Gwynne,gkohlert1a@geocities.jp,gpetyanin1a
Joice,jgratton1b@tuttocitta.it,jmarcos1b
Camel,csemerad1c@youtube.com,cbool1c
Twyla,tschnieder1d@geocities.com,traison1d
Admin,admin@advisor.com,admin